{"cameraMode":{"drawMode":0,"name":"Shaded","section":"Shading Mode"},"sceneLighting":true,"audioPlay":false,"sceneViewState":{"m_AlwaysRefresh":false,"showFog":true,"showSkybox":true,"showFlares":true,"showImageEffects":true,"showParticleSystems":true,"showVisualEffectGraphs":true,"m_FxEnabled":true},"in2DMode":false,"pivot":{"x":-1.0328106880187989,"y":-3.9026756286621095,"z":8.739999771118164},"rotation":{"x":0.2306411862373352,"y":-0.024815212935209276,"z":0.005888955667614937,"w":0.972722053527832},"size":12.12435531616211,"orthographic":false}